--
-- PostgreSQL database dump
--

\restrict rquypkEvdic8LHLNvNPHDWl64M6O48yxgTHTRpFRcARYO7ffzMckH9ZsKuW6JQw

-- Dumped from database version 16.14 (Debian 16.14-1.pgdg13+1)
-- Dumped by pg_dump version 16.14 (Debian 16.14-1.pgdg13+1)

SET statement_timeout = 0;
SET lock_timeout = 0;
SET idle_in_transaction_session_timeout = 0;
SET client_encoding = 'UTF8';
SET standard_conforming_strings = on;
SELECT pg_catalog.set_config('search_path', '', false);
SET check_function_bodies = false;
SET xmloption = content;
SET client_min_messages = warning;
SET row_security = off;

SET default_tablespace = '';

SET default_table_access_method = heap;

--
-- Name: auth_group; Type: TABLE; Schema: public; Owner: postgres
--

CREATE TABLE public.auth_group (
    id integer NOT NULL,
    name character varying(150) NOT NULL
);


ALTER TABLE public.auth_group OWNER TO postgres;

--
-- Name: auth_group_id_seq; Type: SEQUENCE; Schema: public; Owner: postgres
--

ALTER TABLE public.auth_group ALTER COLUMN id ADD GENERATED BY DEFAULT AS IDENTITY (
    SEQUENCE NAME public.auth_group_id_seq
    START WITH 1
    INCREMENT BY 1
    NO MINVALUE
    NO MAXVALUE
    CACHE 1
);


--
-- Name: auth_group_permissions; Type: TABLE; Schema: public; Owner: postgres
--

CREATE TABLE public.auth_group_permissions (
    id bigint NOT NULL,
    group_id integer NOT NULL,
    permission_id integer NOT NULL
);


ALTER TABLE public.auth_group_permissions OWNER TO postgres;

--
-- Name: auth_group_permissions_id_seq; Type: SEQUENCE; Schema: public; Owner: postgres
--

ALTER TABLE public.auth_group_permissions ALTER COLUMN id ADD GENERATED BY DEFAULT AS IDENTITY (
    SEQUENCE NAME public.auth_group_permissions_id_seq
    START WITH 1
    INCREMENT BY 1
    NO MINVALUE
    NO MAXVALUE
    CACHE 1
);


--
-- Name: auth_permission; Type: TABLE; Schema: public; Owner: postgres
--

CREATE TABLE public.auth_permission (
    id integer NOT NULL,
    name character varying(255) NOT NULL,
    content_type_id integer NOT NULL,
    codename character varying(100) NOT NULL
);


ALTER TABLE public.auth_permission OWNER TO postgres;

--
-- Name: auth_permission_id_seq; Type: SEQUENCE; Schema: public; Owner: postgres
--

ALTER TABLE public.auth_permission ALTER COLUMN id ADD GENERATED BY DEFAULT AS IDENTITY (
    SEQUENCE NAME public.auth_permission_id_seq
    START WITH 1
    INCREMENT BY 1
    NO MINVALUE
    NO MAXVALUE
    CACHE 1
);


--
-- Name: django_admin_log; Type: TABLE; Schema: public; Owner: postgres
--

CREATE TABLE public.django_admin_log (
    id integer NOT NULL,
    action_time timestamp with time zone NOT NULL,
    object_id text,
    object_repr character varying(200) NOT NULL,
    action_flag smallint NOT NULL,
    change_message text NOT NULL,
    content_type_id integer,
    user_id bigint NOT NULL,
    CONSTRAINT django_admin_log_action_flag_check CHECK ((action_flag >= 0))
);


ALTER TABLE public.django_admin_log OWNER TO postgres;

--
-- Name: django_admin_log_id_seq; Type: SEQUENCE; Schema: public; Owner: postgres
--

ALTER TABLE public.django_admin_log ALTER COLUMN id ADD GENERATED BY DEFAULT AS IDENTITY (
    SEQUENCE NAME public.django_admin_log_id_seq
    START WITH 1
    INCREMENT BY 1
    NO MINVALUE
    NO MAXVALUE
    CACHE 1
);


--
-- Name: django_content_type; Type: TABLE; Schema: public; Owner: postgres
--

CREATE TABLE public.django_content_type (
    id integer NOT NULL,
    app_label character varying(100) NOT NULL,
    model character varying(100) NOT NULL
);


ALTER TABLE public.django_content_type OWNER TO postgres;

--
-- Name: django_content_type_id_seq; Type: SEQUENCE; Schema: public; Owner: postgres
--

ALTER TABLE public.django_content_type ALTER COLUMN id ADD GENERATED BY DEFAULT AS IDENTITY (
    SEQUENCE NAME public.django_content_type_id_seq
    START WITH 1
    INCREMENT BY 1
    NO MINVALUE
    NO MAXVALUE
    CACHE 1
);


--
-- Name: django_migrations; Type: TABLE; Schema: public; Owner: postgres
--

CREATE TABLE public.django_migrations (
    id bigint NOT NULL,
    app character varying(255) NOT NULL,
    name character varying(255) NOT NULL,
    applied timestamp with time zone NOT NULL
);


ALTER TABLE public.django_migrations OWNER TO postgres;

--
-- Name: django_migrations_id_seq; Type: SEQUENCE; Schema: public; Owner: postgres
--

ALTER TABLE public.django_migrations ALTER COLUMN id ADD GENERATED BY DEFAULT AS IDENTITY (
    SEQUENCE NAME public.django_migrations_id_seq
    START WITH 1
    INCREMENT BY 1
    NO MINVALUE
    NO MAXVALUE
    CACHE 1
);


--
-- Name: django_session; Type: TABLE; Schema: public; Owner: postgres
--

CREATE TABLE public.django_session (
    session_key character varying(40) NOT NULL,
    session_data text NOT NULL,
    expire_date timestamp with time zone NOT NULL
);


ALTER TABLE public.django_session OWNER TO postgres;

--
-- Name: users_event; Type: TABLE; Schema: public; Owner: postgres
--

CREATE TABLE public.users_event (
    id bigint NOT NULL,
    event_type character varying(100) NOT NULL,
    aggregate_id character varying(100) NOT NULL,
    payload jsonb NOT NULL,
    occurred_at timestamp with time zone NOT NULL,
    status character varying(20) NOT NULL,
    sent_at timestamp with time zone,
    error text NOT NULL
);


ALTER TABLE public.users_event OWNER TO postgres;

--
-- Name: users_event_id_seq; Type: SEQUENCE; Schema: public; Owner: postgres
--

ALTER TABLE public.users_event ALTER COLUMN id ADD GENERATED BY DEFAULT AS IDENTITY (
    SEQUENCE NAME public.users_event_id_seq
    START WITH 1
    INCREMENT BY 1
    NO MINVALUE
    NO MAXVALUE
    CACHE 1
);


--
-- Name: users_user; Type: TABLE; Schema: public; Owner: postgres
--

CREATE TABLE public.users_user (
    id bigint NOT NULL,
    password character varying(128) NOT NULL,
    last_login timestamp with time zone,
    is_superuser boolean NOT NULL,
    username character varying(150) NOT NULL,
    email character varying(254) NOT NULL,
    roles jsonb NOT NULL,
    is_active boolean NOT NULL,
    is_staff boolean NOT NULL,
    created_at timestamp with time zone NOT NULL
);


ALTER TABLE public.users_user OWNER TO postgres;

--
-- Name: users_user_groups; Type: TABLE; Schema: public; Owner: postgres
--

CREATE TABLE public.users_user_groups (
    id bigint NOT NULL,
    user_id bigint NOT NULL,
    group_id integer NOT NULL
);


ALTER TABLE public.users_user_groups OWNER TO postgres;

--
-- Name: users_user_groups_id_seq; Type: SEQUENCE; Schema: public; Owner: postgres
--

ALTER TABLE public.users_user_groups ALTER COLUMN id ADD GENERATED BY DEFAULT AS IDENTITY (
    SEQUENCE NAME public.users_user_groups_id_seq
    START WITH 1
    INCREMENT BY 1
    NO MINVALUE
    NO MAXVALUE
    CACHE 1
);


--
-- Name: users_user_id_seq; Type: SEQUENCE; Schema: public; Owner: postgres
--

ALTER TABLE public.users_user ALTER COLUMN id ADD GENERATED BY DEFAULT AS IDENTITY (
    SEQUENCE NAME public.users_user_id_seq
    START WITH 1
    INCREMENT BY 1
    NO MINVALUE
    NO MAXVALUE
    CACHE 1
);


--
-- Name: users_user_user_permissions; Type: TABLE; Schema: public; Owner: postgres
--

CREATE TABLE public.users_user_user_permissions (
    id bigint NOT NULL,
    user_id bigint NOT NULL,
    permission_id integer NOT NULL
);


ALTER TABLE public.users_user_user_permissions OWNER TO postgres;

--
-- Name: users_user_user_permissions_id_seq; Type: SEQUENCE; Schema: public; Owner: postgres
--

ALTER TABLE public.users_user_user_permissions ALTER COLUMN id ADD GENERATED BY DEFAULT AS IDENTITY (
    SEQUENCE NAME public.users_user_user_permissions_id_seq
    START WITH 1
    INCREMENT BY 1
    NO MINVALUE
    NO MAXVALUE
    CACHE 1
);


--
-- Data for Name: auth_group; Type: TABLE DATA; Schema: public; Owner: postgres
--

COPY public.auth_group (id, name) FROM stdin;
\.


--
-- Data for Name: auth_group_permissions; Type: TABLE DATA; Schema: public; Owner: postgres
--

COPY public.auth_group_permissions (id, group_id, permission_id) FROM stdin;
\.


--
-- Data for Name: auth_permission; Type: TABLE DATA; Schema: public; Owner: postgres
--

COPY public.auth_permission (id, name, content_type_id, codename) FROM stdin;
1	Can add log entry	1	add_logentry
2	Can change log entry	1	change_logentry
3	Can delete log entry	1	delete_logentry
4	Can view log entry	1	view_logentry
5	Can add permission	2	add_permission
6	Can change permission	2	change_permission
7	Can delete permission	2	delete_permission
8	Can view permission	2	view_permission
9	Can add group	3	add_group
10	Can change group	3	change_group
11	Can delete group	3	delete_group
12	Can view group	3	view_group
13	Can add content type	4	add_contenttype
14	Can change content type	4	change_contenttype
15	Can delete content type	4	delete_contenttype
16	Can view content type	4	view_contenttype
17	Can add session	5	add_session
18	Can change session	5	change_session
19	Can delete session	5	delete_session
20	Can view session	5	view_session
21	Can add user	6	add_user
22	Can change user	6	change_user
23	Can delete user	6	delete_user
24	Can view user	6	view_user
25	Can add user event	7	add_userevent
26	Can change user event	7	change_userevent
27	Can delete user event	7	delete_userevent
28	Can view user event	7	view_userevent
29	Can add user view	8	add_userview
30	Can change user view	8	change_userview
31	Can delete user view	8	delete_userview
32	Can view user view	8	view_userview
\.


--
-- Data for Name: django_admin_log; Type: TABLE DATA; Schema: public; Owner: postgres
--

COPY public.django_admin_log (id, action_time, object_id, object_repr, action_flag, change_message, content_type_id, user_id) FROM stdin;
\.


--
-- Data for Name: django_content_type; Type: TABLE DATA; Schema: public; Owner: postgres
--

COPY public.django_content_type (id, app_label, model) FROM stdin;
1	admin	logentry
2	auth	permission
3	auth	group
4	contenttypes	contenttype
5	sessions	session
6	users	user
7	users	userevent
8	users	userview
\.


--
-- Data for Name: django_migrations; Type: TABLE DATA; Schema: public; Owner: postgres
--

COPY public.django_migrations (id, app, name, applied) FROM stdin;
1	contenttypes	0001_initial	2026-05-31 21:00:18.421689+00
2	contenttypes	0002_remove_content_type_name	2026-05-31 21:00:18.433372+00
3	auth	0001_initial	2026-05-31 21:00:18.564472+00
4	auth	0002_alter_permission_name_max_length	2026-05-31 21:00:18.574688+00
5	auth	0003_alter_user_email_max_length	2026-05-31 21:00:18.5847+00
6	auth	0004_alter_user_username_opts	2026-05-31 21:00:18.59803+00
7	auth	0005_alter_user_last_login_null	2026-05-31 21:00:18.611109+00
8	auth	0006_require_contenttypes_0002	2026-05-31 21:00:18.617865+00
9	auth	0007_alter_validators_add_error_messages	2026-05-31 21:00:18.629929+00
10	auth	0008_alter_user_username_max_length	2026-05-31 21:00:18.643564+00
11	auth	0009_alter_user_last_name_max_length	2026-05-31 21:00:18.661591+00
12	auth	0008_alter_user_username_max_length	2026-05-31 21:00:18.666607+00
13	auth	0010_alter_group_name_max_length	2026-05-31 21:00:18.675249+00
14	auth	0009_alter_user_last_name_max_length	2026-05-31 21:00:18.679919+00
15	auth	0009_alter_user_last_name_max_length	2026-05-31 21:00:18.687416+00
16	auth	0011_update_proxy_permissions	2026-05-31 21:00:18.687851+00
17	auth	0010_alter_group_name_max_length	2026-05-31 21:00:18.69389+00
18	auth	0012_alter_user_first_name_max_length	2026-05-31 21:00:18.699475+00
19	auth	0010_alter_group_name_max_length	2026-05-31 21:00:18.706171+00
20	auth	0011_update_proxy_permissions	2026-05-31 21:00:18.708305+00
21	auth	0011_update_proxy_permissions	2026-05-31 21:00:18.719138+00
22	auth	0012_alter_user_first_name_max_length	2026-05-31 21:00:18.722007+00
23	auth	0012_alter_user_first_name_max_length	2026-05-31 21:00:18.731021+00
24	users	0001_initial	2026-05-31 21:00:18.891071+00
25	admin	0001_initial	2026-05-31 21:00:18.958861+00
26	admin	0002_logentry_remove_auto_add	2026-05-31 21:00:18.973991+00
27	admin	0003_logentry_add_action_flag_choices	2026-05-31 21:00:18.98877+00
28	sessions	0001_initial	2026-05-31 21:00:19.057521+00
29	users	0002_userview	2026-05-31 21:00:19.067102+00
30	users	0003_update_roles	2026-05-31 21:00:19.095998+00
31	users	0004_user_event_outbox	2026-05-31 21:00:19.149775+00
\.


--
-- Data for Name: django_session; Type: TABLE DATA; Schema: public; Owner: postgres
--

COPY public.django_session (session_key, session_data, expire_date) FROM stdin;
\.


--
-- Data for Name: users_event; Type: TABLE DATA; Schema: public; Owner: postgres
--

COPY public.users_event (id, event_type, aggregate_id, payload, occurred_at, status, sent_at, error) FROM stdin;
1	user_registered	2	{"id": 2, "email": "andres@gmail.com", "roles": ["client"], "username": "andres"}	2026-05-31 21:02:07.355559+00	sent	2026-05-31 21:02:08.768171+00	
2	user_registered	3	{"id": 3, "email": "andres2@gmail.com", "roles": ["client"], "username": "andres2"}	2026-06-10 22:10:17.084922+00	sent	2026-06-10 22:10:21.765969+00	
3	user_registered	4	{"id": 4, "email": "ariel@gmail.com", "roles": ["client"], "username": "ariel"}	2026-06-10 22:48:45.698708+00	sent	2026-06-10 22:48:47.468217+00	
4	user_registered	5	{"id": 5, "email": "andres5@test.com", "roles": ["client"], "username": "andressss"}	2026-06-11 04:48:51.580247+00	sent	2026-06-11 04:48:51.894753+00	
5	user_registered	6	{"id": 6, "email": "codex_1781153355129@example.com", "roles": ["client"], "username": "codex_1781153355129"}	2026-06-11 04:49:15.798725+00	sent	2026-06-11 04:49:17.91097+00	
6	user_registered	7	{"id": 7, "email": "ui_guest_1781153646128@example.com", "roles": ["client"], "username": "ui_guest_1781153646128"}	2026-06-11 04:54:08.748216+00	sent	2026-06-11 04:54:08.99424+00	
7	user_registered	8	{"id": 8, "email": "ui_guest_1781153796718@example.com", "roles": ["client"], "username": "ui_guest_1781153796718"}	2026-06-11 04:56:39.048409+00	sent	2026-06-11 04:56:40.040048+00	
8	user_role_changed	8	{"id": 8, "roles": ["host"], "previous_roles": ["client"]}	2026-06-11 04:56:40.656766+00	sent	2026-06-11 04:56:41.047801+00	
9	user_registered	9	{"id": 9, "email": "ui_guest_1781153934513@example.com", "roles": ["client"], "username": "ui_guest_1781153934513"}	2026-06-11 04:58:56.845854+00	sent	2026-06-11 04:58:57.088475+00	
10	user_role_changed	9	{"id": 9, "roles": ["host"], "previous_roles": ["client"]}	2026-06-11 04:59:00.006015+00	sent	2026-06-11 04:59:03.104299+00	
11	user_registered	10	{"id": 10, "email": "ui_guest_1781154031349@example.com", "roles": ["client"], "username": "ui_guest_1781154031349"}	2026-06-11 05:00:34.233764+00	sent	2026-06-11 05:00:39.142315+00	
12	user_registered	11	{"id": 11, "email": "jaime@test.com", "roles": ["client"], "username": "jaime"}	2026-06-16 23:11:25.840822+00	sent	2026-06-16 23:11:30.483355+00	
13	user_registered	12	{"id": 12, "email": "guest-res-1782218045990@example.com", "roles": ["client"], "username": "guest_res_1782218045990"}	2026-06-23 12:34:06.99055+00	sent	2026-06-23 23:11:13.843678+00	
14	user_registered	13	{"id": 13, "email": "host-res-1782218045990@example.com", "roles": ["host"], "username": "host_res_1782218045990"}	2026-06-23 12:34:07.794525+00	sent	2026-06-23 23:11:13.849515+00	
15	user_registered	14	{"id": 14, "email": "guest-res-1782218081509@example.com", "roles": ["client"], "username": "guest_res_1782218081509"}	2026-06-23 12:34:42.113734+00	sent	2026-06-23 23:11:13.856219+00	
16	user_registered	15	{"id": 15, "email": "host-res-1782218081509@example.com", "roles": ["host"], "username": "host_res_1782218081509"}	2026-06-23 12:34:42.647787+00	sent	2026-06-23 23:11:13.861134+00	
17	user_registered	16	{"id": 16, "email": "guest-neg-1782218115939@example.com", "roles": ["client"], "username": "guest_neg_1782218115939"}	2026-06-23 12:35:16.736659+00	sent	2026-06-23 23:11:13.865607+00	
18	user_registered	17	{"id": 17, "email": "host-neg-1782218115939@example.com", "roles": ["host"], "username": "host_neg_1782218115939"}	2026-06-23 12:35:17.423817+00	sent	2026-06-23 23:11:13.870458+00	
19	user_registered	18	{"id": 18, "email": "test_reservas_20260623191158@example.com", "roles": ["client"], "username": "test_reservas_20260623191158"}	2026-06-23 23:11:59.252411+00	sent	2026-06-23 23:11:59.898166+00	
20	user_registered	19	{"id": 19, "email": "guest_flow_20260623191226@example.com", "roles": ["client"], "username": "guest_flow_20260623191226"}	2026-06-23 23:12:27.277899+00	sent	2026-06-23 23:12:30.913886+00	
21	user_registered	20	{"id": 20, "email": "host_flow_20260623191226@example.com", "roles": ["host"], "username": "host_flow_20260623191226"}	2026-06-23 23:12:27.788921+00	sent	2026-06-23 23:12:30.918277+00	
22	user_registered	21	{"id": 21, "email": "mau@test.com", "roles": ["client"], "username": "mau"}	2026-06-23 23:15:35.175223+00	sent	2026-06-23 23:15:36.975648+00	
\.


--
-- Data for Name: users_user; Type: TABLE DATA; Schema: public; Owner: postgres
--

COPY public.users_user (id, password, last_login, is_superuser, username, email, roles, is_active, is_staff, created_at) FROM stdin;
16	pbkdf2_sha256$1000000$Biyahbc1qdSWD9w0kiUVJN$X6q1t4NQThtepNJFyDsZQX/CUKyfMcasYG67VHEdHOY=	\N	f	guest_neg_1782218115939	guest-neg-1782218115939@example.com	["client"]	t	f	2026-06-23 12:35:16.730554+00
17	pbkdf2_sha256$1000000$lx9RpMmLuNxPB1w8JYpf53$3l1QZt5Od0tlWITLRj+a8wsFxntLTo/gsUTktAu8SXY=	\N	f	host_neg_1782218115939	host-neg-1782218115939@example.com	["host"]	t	f	2026-06-23 12:35:17.418162+00
2	pbkdf2_sha256$1000000$MKr43yAha0Dw93XYoxEpin$BpfNOY0sQmnyzIEiIvhisvhBWrq1qRmKwSguuGC+wXM=	\N	f	andres	andres@gmail.com	["client"]	t	f	2026-05-31 21:02:07.342843+00
1	pbkdf2_sha256$1000000$YSXZliwF24MtE1spHfjlaI$rLbL5U2jZuK86/li1q50irtEU6eYFUwSSRMPNuBkJfw=	\N	t	admin	admin@prueba.com	["admin"]	t	t	2026-05-31 21:00:23.81672+00
18	pbkdf2_sha256$1000000$QIPiGCk9VhonQeHR0B7obS$Nb4fKMFymAjxMsYLQmTmQ8JV9yixfwQmG7C+O2Xt3uU=	\N	f	test_reservas_20260623191158	test_reservas_20260623191158@example.com	["client"]	t	f	2026-06-23 23:11:59.238611+00
3	pbkdf2_sha256$1000000$yl24oncoyoSoN8zpgBVYIh$kLCJSWmwcsTBSXn2rUz4x37Xnnl4W8BRObtBbIKtpp0=	\N	f	andres2	andres2@gmail.com	["client"]	t	f	2026-06-10 22:10:17.056405+00
19	pbkdf2_sha256$1000000$sw6mW63gNfRnoilpqqtywl$8v8fNPux1O878ETYDK/8jq0QC3vnnk/OqHmi7DQcCqI=	\N	f	guest_flow_20260623191226	guest_flow_20260623191226@example.com	["client"]	t	f	2026-06-23 23:12:27.273352+00
20	pbkdf2_sha256$1000000$O2UTqsAXl8fc4FDcIq18VO$Ovy+mDj9cYeAmEzFg+EGVg1k9fsr4+c+E/9+DGUBvpk=	\N	f	host_flow_20260623191226	host_flow_20260623191226@example.com	["host"]	t	f	2026-06-23 23:12:27.784522+00
21	pbkdf2_sha256$1000000$nMKoW0jo0DiNSmcJIcDKhw$uSIGguGuiJFcmp5iMZSMNOiReeoGpvTdkltB7XfXdYo=	\N	f	mau	mau@test.com	["client"]	t	f	2026-06-23 23:15:35.170811+00
4	pbkdf2_sha256$1000000$qNw9firbHv5rPLIaCawxzo$4bgafXNWELnXZxxqkbOGF/yFwoU6u+Y4OXahjtOP8lI=	\N	f	ariel	ariel@gmail.com	["client"]	t	f	2026-06-10 22:48:45.684938+00
5	pbkdf2_sha256$1000000$WLoL6tojJ6qkfGSyBEoDOY$JXVSuzL7dvuwawVJGAeR3obdMDfuYWalv/rZrdT6ku0=	\N	f	andressss	andres5@test.com	["client"]	t	f	2026-06-11 04:48:51.559226+00
6	pbkdf2_sha256$1000000$wuas7UWWksbLBlCfJcY5YU$cwVuZIxmbMWpO6J08YsIAQp0MtPhjfcfIxKfUF1+5Cw=	\N	f	codex_1781153355129	codex_1781153355129@example.com	["client"]	t	f	2026-06-11 04:49:15.793065+00
7	pbkdf2_sha256$1000000$12d0XCb65yVZEaeOPefrTK$y5UmXC/BaYgwjA+kazACnu4WRh9vUzoiD0xjbVdFoqE=	\N	f	ui_guest_1781153646128	ui_guest_1781153646128@example.com	["client"]	t	f	2026-06-11 04:54:08.743577+00
8	pbkdf2_sha256$1000000$dHesqgLiTtESHO44qYjJWS$BzIx/i80E9uJJrylFQ5SXRnMAk2rMtp3JCH1ZLkUGFY=	\N	f	ui_guest_1781153796718	ui_guest_1781153796718@example.com	["host"]	t	f	2026-06-11 04:56:39.043652+00
9	pbkdf2_sha256$1000000$WphZ7EopmDHLQoxQtnbW5a$kwQZD30h04yVCtnUnjwlDYcKjwbBdAwGdraTS6+qq+w=	\N	f	ui_guest_1781153934513	ui_guest_1781153934513@example.com	["host"]	t	f	2026-06-11 04:58:56.840895+00
10	pbkdf2_sha256$1000000$QjyyTDESlsnLj3N6HG0KjY$ExYm35x1oU6QxrwLHDasFP0Ewgqi27za3/Fl5QONRHs=	\N	f	ui_guest_1781154031349	ui_guest_1781154031349@example.com	["client"]	t	f	2026-06-11 05:00:34.229534+00
11	pbkdf2_sha256$1000000$ShqSQLCbycQgXtkHjAZ5jx$+liIiHsN7KgB+x+q29dzUnlPVtpX12Br87yyd3gXqII=	\N	f	jaime	jaime@test.com	["client"]	t	f	2026-06-16 23:11:25.825323+00
12	pbkdf2_sha256$1000000$E6DD9ftvMB5vhkqzW2bdND$h7AlPPPhS4OnKInpi9o1IBG9xxnNlhyx9A5Gan9UDYo=	\N	f	guest_res_1782218045990	guest-res-1782218045990@example.com	["client"]	t	f	2026-06-23 12:34:06.974342+00
13	pbkdf2_sha256$1000000$IELdiT7wIXMxLe2l8lTMrr$tf3oq8YwOt2GZqzOzEhyIYJpMF9Z5a1smScBrPA5cQY=	\N	f	host_res_1782218045990	host-res-1782218045990@example.com	["host"]	t	f	2026-06-23 12:34:07.788935+00
14	pbkdf2_sha256$1000000$oCEJxibPR5GWnmJ8NWNrhX$EoRuyr24zuhgoZaYoJKMAvTxhkUnt8J0BIfAidfNJK0=	\N	f	guest_res_1782218081509	guest-res-1782218081509@example.com	["client"]	t	f	2026-06-23 12:34:42.108972+00
15	pbkdf2_sha256$1000000$ekt6Qrz5u5CClgPV18y50W$tohLeQIsf7myzBJ3jErOoygUnXtv4fGuAhTKpJb1sWM=	\N	f	host_res_1782218081509	host-res-1782218081509@example.com	["host"]	t	f	2026-06-23 12:34:42.643017+00
\.


--
-- Data for Name: users_user_groups; Type: TABLE DATA; Schema: public; Owner: postgres
--

COPY public.users_user_groups (id, user_id, group_id) FROM stdin;
\.


--
-- Data for Name: users_user_user_permissions; Type: TABLE DATA; Schema: public; Owner: postgres
--

COPY public.users_user_user_permissions (id, user_id, permission_id) FROM stdin;
\.


--
-- Name: auth_group_id_seq; Type: SEQUENCE SET; Schema: public; Owner: postgres
--

SELECT pg_catalog.setval('public.auth_group_id_seq', 1, false);


--
-- Name: auth_group_permissions_id_seq; Type: SEQUENCE SET; Schema: public; Owner: postgres
--

SELECT pg_catalog.setval('public.auth_group_permissions_id_seq', 1, false);


--
-- Name: auth_permission_id_seq; Type: SEQUENCE SET; Schema: public; Owner: postgres
--

SELECT pg_catalog.setval('public.auth_permission_id_seq', 32, true);


--
-- Name: django_admin_log_id_seq; Type: SEQUENCE SET; Schema: public; Owner: postgres
--

SELECT pg_catalog.setval('public.django_admin_log_id_seq', 1, false);


--
-- Name: django_content_type_id_seq; Type: SEQUENCE SET; Schema: public; Owner: postgres
--

SELECT pg_catalog.setval('public.django_content_type_id_seq', 8, true);


--
-- Name: django_migrations_id_seq; Type: SEQUENCE SET; Schema: public; Owner: postgres
--

SELECT pg_catalog.setval('public.django_migrations_id_seq', 31, true);


--
-- Name: users_event_id_seq; Type: SEQUENCE SET; Schema: public; Owner: postgres
--

SELECT pg_catalog.setval('public.users_event_id_seq', 22, true);


--
-- Name: users_user_groups_id_seq; Type: SEQUENCE SET; Schema: public; Owner: postgres
--

SELECT pg_catalog.setval('public.users_user_groups_id_seq', 1, false);


--
-- Name: users_user_id_seq; Type: SEQUENCE SET; Schema: public; Owner: postgres
--

SELECT pg_catalog.setval('public.users_user_id_seq', 21, true);


--
-- Name: users_user_user_permissions_id_seq; Type: SEQUENCE SET; Schema: public; Owner: postgres
--

SELECT pg_catalog.setval('public.users_user_user_permissions_id_seq', 1, false);


--
-- Name: auth_group auth_group_name_key; Type: CONSTRAINT; Schema: public; Owner: postgres
--

ALTER TABLE ONLY public.auth_group
    ADD CONSTRAINT auth_group_name_key UNIQUE (name);


--
-- Name: auth_group_permissions auth_group_permissions_group_id_permission_id_0cd325b0_uniq; Type: CONSTRAINT; Schema: public; Owner: postgres
--

ALTER TABLE ONLY public.auth_group_permissions
    ADD CONSTRAINT auth_group_permissions_group_id_permission_id_0cd325b0_uniq UNIQUE (group_id, permission_id);


--
-- Name: auth_group_permissions auth_group_permissions_pkey; Type: CONSTRAINT; Schema: public; Owner: postgres
--

ALTER TABLE ONLY public.auth_group_permissions
    ADD CONSTRAINT auth_group_permissions_pkey PRIMARY KEY (id);


--
-- Name: auth_group auth_group_pkey; Type: CONSTRAINT; Schema: public; Owner: postgres
--

ALTER TABLE ONLY public.auth_group
    ADD CONSTRAINT auth_group_pkey PRIMARY KEY (id);


--
-- Name: auth_permission auth_permission_content_type_id_codename_01ab375a_uniq; Type: CONSTRAINT; Schema: public; Owner: postgres
--

ALTER TABLE ONLY public.auth_permission
    ADD CONSTRAINT auth_permission_content_type_id_codename_01ab375a_uniq UNIQUE (content_type_id, codename);


--
-- Name: auth_permission auth_permission_pkey; Type: CONSTRAINT; Schema: public; Owner: postgres
--

ALTER TABLE ONLY public.auth_permission
    ADD CONSTRAINT auth_permission_pkey PRIMARY KEY (id);


--
-- Name: django_admin_log django_admin_log_pkey; Type: CONSTRAINT; Schema: public; Owner: postgres
--

ALTER TABLE ONLY public.django_admin_log
    ADD CONSTRAINT django_admin_log_pkey PRIMARY KEY (id);


--
-- Name: django_content_type django_content_type_app_label_model_76bd3d3b_uniq; Type: CONSTRAINT; Schema: public; Owner: postgres
--

ALTER TABLE ONLY public.django_content_type
    ADD CONSTRAINT django_content_type_app_label_model_76bd3d3b_uniq UNIQUE (app_label, model);


--
-- Name: django_content_type django_content_type_pkey; Type: CONSTRAINT; Schema: public; Owner: postgres
--

ALTER TABLE ONLY public.django_content_type
    ADD CONSTRAINT django_content_type_pkey PRIMARY KEY (id);


--
-- Name: django_migrations django_migrations_pkey; Type: CONSTRAINT; Schema: public; Owner: postgres
--

ALTER TABLE ONLY public.django_migrations
    ADD CONSTRAINT django_migrations_pkey PRIMARY KEY (id);


--
-- Name: django_session django_session_pkey; Type: CONSTRAINT; Schema: public; Owner: postgres
--

ALTER TABLE ONLY public.django_session
    ADD CONSTRAINT django_session_pkey PRIMARY KEY (session_key);


--
-- Name: users_event users_event_pkey; Type: CONSTRAINT; Schema: public; Owner: postgres
--

ALTER TABLE ONLY public.users_event
    ADD CONSTRAINT users_event_pkey PRIMARY KEY (id);


--
-- Name: users_user users_user_email_key; Type: CONSTRAINT; Schema: public; Owner: postgres
--

ALTER TABLE ONLY public.users_user
    ADD CONSTRAINT users_user_email_key UNIQUE (email);


--
-- Name: users_user_groups users_user_groups_pkey; Type: CONSTRAINT; Schema: public; Owner: postgres
--

ALTER TABLE ONLY public.users_user_groups
    ADD CONSTRAINT users_user_groups_pkey PRIMARY KEY (id);


--
-- Name: users_user_groups users_user_groups_user_id_group_id_b88eab82_uniq; Type: CONSTRAINT; Schema: public; Owner: postgres
--

ALTER TABLE ONLY public.users_user_groups
    ADD CONSTRAINT users_user_groups_user_id_group_id_b88eab82_uniq UNIQUE (user_id, group_id);


--
-- Name: users_user users_user_pkey; Type: CONSTRAINT; Schema: public; Owner: postgres
--

ALTER TABLE ONLY public.users_user
    ADD CONSTRAINT users_user_pkey PRIMARY KEY (id);


--
-- Name: users_user_user_permissions users_user_user_permissions_pkey; Type: CONSTRAINT; Schema: public; Owner: postgres
--

ALTER TABLE ONLY public.users_user_user_permissions
    ADD CONSTRAINT users_user_user_permissions_pkey PRIMARY KEY (id);


--
-- Name: users_user_user_permissions users_user_user_permissions_user_id_permission_id_43338c45_uniq; Type: CONSTRAINT; Schema: public; Owner: postgres
--

ALTER TABLE ONLY public.users_user_user_permissions
    ADD CONSTRAINT users_user_user_permissions_user_id_permission_id_43338c45_uniq UNIQUE (user_id, permission_id);


--
-- Name: users_user users_user_username_key; Type: CONSTRAINT; Schema: public; Owner: postgres
--

ALTER TABLE ONLY public.users_user
    ADD CONSTRAINT users_user_username_key UNIQUE (username);


--
-- Name: auth_group_name_a6ea08ec_like; Type: INDEX; Schema: public; Owner: postgres
--

CREATE INDEX auth_group_name_a6ea08ec_like ON public.auth_group USING btree (name varchar_pattern_ops);


--
-- Name: auth_group_permissions_group_id_b120cbf9; Type: INDEX; Schema: public; Owner: postgres
--

CREATE INDEX auth_group_permissions_group_id_b120cbf9 ON public.auth_group_permissions USING btree (group_id);


--
-- Name: auth_group_permissions_permission_id_84c5c92e; Type: INDEX; Schema: public; Owner: postgres
--

CREATE INDEX auth_group_permissions_permission_id_84c5c92e ON public.auth_group_permissions USING btree (permission_id);


--
-- Name: auth_permission_content_type_id_2f476e4b; Type: INDEX; Schema: public; Owner: postgres
--

CREATE INDEX auth_permission_content_type_id_2f476e4b ON public.auth_permission USING btree (content_type_id);


--
-- Name: django_admin_log_content_type_id_c4bce8eb; Type: INDEX; Schema: public; Owner: postgres
--

CREATE INDEX django_admin_log_content_type_id_c4bce8eb ON public.django_admin_log USING btree (content_type_id);


--
-- Name: django_admin_log_user_id_c564eba6; Type: INDEX; Schema: public; Owner: postgres
--

CREATE INDEX django_admin_log_user_id_c564eba6 ON public.django_admin_log USING btree (user_id);


--
-- Name: django_session_expire_date_a5c62663; Type: INDEX; Schema: public; Owner: postgres
--

CREATE INDEX django_session_expire_date_a5c62663 ON public.django_session USING btree (expire_date);


--
-- Name: django_session_session_key_c0390e0f_like; Type: INDEX; Schema: public; Owner: postgres
--

CREATE INDEX django_session_session_key_c0390e0f_like ON public.django_session USING btree (session_key varchar_pattern_ops);


--
-- Name: users_event_status_2fbae382; Type: INDEX; Schema: public; Owner: postgres
--

CREATE INDEX users_event_status_2fbae382 ON public.users_event USING btree (status);


--
-- Name: users_event_status_2fbae382_like; Type: INDEX; Schema: public; Owner: postgres
--

CREATE INDEX users_event_status_2fbae382_like ON public.users_event USING btree (status varchar_pattern_ops);


--
-- Name: users_user_email_243f6e77_like; Type: INDEX; Schema: public; Owner: postgres
--

CREATE INDEX users_user_email_243f6e77_like ON public.users_user USING btree (email varchar_pattern_ops);


--
-- Name: users_user_groups_group_id_9afc8d0e; Type: INDEX; Schema: public; Owner: postgres
--

CREATE INDEX users_user_groups_group_id_9afc8d0e ON public.users_user_groups USING btree (group_id);


--
-- Name: users_user_groups_user_id_5f6f5a90; Type: INDEX; Schema: public; Owner: postgres
--

CREATE INDEX users_user_groups_user_id_5f6f5a90 ON public.users_user_groups USING btree (user_id);


--
-- Name: users_user_user_permissions_permission_id_0b93982e; Type: INDEX; Schema: public; Owner: postgres
--

CREATE INDEX users_user_user_permissions_permission_id_0b93982e ON public.users_user_user_permissions USING btree (permission_id);


--
-- Name: users_user_user_permissions_user_id_20aca447; Type: INDEX; Schema: public; Owner: postgres
--

CREATE INDEX users_user_user_permissions_user_id_20aca447 ON public.users_user_user_permissions USING btree (user_id);


--
-- Name: users_user_username_06e46fe6_like; Type: INDEX; Schema: public; Owner: postgres
--

CREATE INDEX users_user_username_06e46fe6_like ON public.users_user USING btree (username varchar_pattern_ops);


--
-- Name: auth_group_permissions auth_group_permissio_permission_id_84c5c92e_fk_auth_perm; Type: FK CONSTRAINT; Schema: public; Owner: postgres
--

ALTER TABLE ONLY public.auth_group_permissions
    ADD CONSTRAINT auth_group_permissio_permission_id_84c5c92e_fk_auth_perm FOREIGN KEY (permission_id) REFERENCES public.auth_permission(id) DEFERRABLE INITIALLY DEFERRED;


--
-- Name: auth_group_permissions auth_group_permissions_group_id_b120cbf9_fk_auth_group_id; Type: FK CONSTRAINT; Schema: public; Owner: postgres
--

ALTER TABLE ONLY public.auth_group_permissions
    ADD CONSTRAINT auth_group_permissions_group_id_b120cbf9_fk_auth_group_id FOREIGN KEY (group_id) REFERENCES public.auth_group(id) DEFERRABLE INITIALLY DEFERRED;


--
-- Name: auth_permission auth_permission_content_type_id_2f476e4b_fk_django_co; Type: FK CONSTRAINT; Schema: public; Owner: postgres
--

ALTER TABLE ONLY public.auth_permission
    ADD CONSTRAINT auth_permission_content_type_id_2f476e4b_fk_django_co FOREIGN KEY (content_type_id) REFERENCES public.django_content_type(id) DEFERRABLE INITIALLY DEFERRED;


--
-- Name: django_admin_log django_admin_log_content_type_id_c4bce8eb_fk_django_co; Type: FK CONSTRAINT; Schema: public; Owner: postgres
--

ALTER TABLE ONLY public.django_admin_log
    ADD CONSTRAINT django_admin_log_content_type_id_c4bce8eb_fk_django_co FOREIGN KEY (content_type_id) REFERENCES public.django_content_type(id) DEFERRABLE INITIALLY DEFERRED;


--
-- Name: django_admin_log django_admin_log_user_id_c564eba6_fk_users_user_id; Type: FK CONSTRAINT; Schema: public; Owner: postgres
--

ALTER TABLE ONLY public.django_admin_log
    ADD CONSTRAINT django_admin_log_user_id_c564eba6_fk_users_user_id FOREIGN KEY (user_id) REFERENCES public.users_user(id) DEFERRABLE INITIALLY DEFERRED;


--
-- Name: users_user_groups users_user_groups_group_id_9afc8d0e_fk_auth_group_id; Type: FK CONSTRAINT; Schema: public; Owner: postgres
--

ALTER TABLE ONLY public.users_user_groups
    ADD CONSTRAINT users_user_groups_group_id_9afc8d0e_fk_auth_group_id FOREIGN KEY (group_id) REFERENCES public.auth_group(id) DEFERRABLE INITIALLY DEFERRED;


--
-- Name: users_user_groups users_user_groups_user_id_5f6f5a90_fk_users_user_id; Type: FK CONSTRAINT; Schema: public; Owner: postgres
--

ALTER TABLE ONLY public.users_user_groups
    ADD CONSTRAINT users_user_groups_user_id_5f6f5a90_fk_users_user_id FOREIGN KEY (user_id) REFERENCES public.users_user(id) DEFERRABLE INITIALLY DEFERRED;


--
-- Name: users_user_user_permissions users_user_user_perm_permission_id_0b93982e_fk_auth_perm; Type: FK CONSTRAINT; Schema: public; Owner: postgres
--

ALTER TABLE ONLY public.users_user_user_permissions
    ADD CONSTRAINT users_user_user_perm_permission_id_0b93982e_fk_auth_perm FOREIGN KEY (permission_id) REFERENCES public.auth_permission(id) DEFERRABLE INITIALLY DEFERRED;


--
-- Name: users_user_user_permissions users_user_user_permissions_user_id_20aca447_fk_users_user_id; Type: FK CONSTRAINT; Schema: public; Owner: postgres
--

ALTER TABLE ONLY public.users_user_user_permissions
    ADD CONSTRAINT users_user_user_permissions_user_id_20aca447_fk_users_user_id FOREIGN KEY (user_id) REFERENCES public.users_user(id) DEFERRABLE INITIALLY DEFERRED;


--
-- PostgreSQL database dump complete
--

\unrestrict rquypkEvdic8LHLNvNPHDWl64M6O48yxgTHTRpFRcARYO7ffzMckH9ZsKuW6JQw

